file,species
test\0021e90e4.png,Small-flowered Cranesbill
test\003d61042.png,Fat Hen
test\007b3da8b.png,Sugar beet
test\0086a6340.png,Common Chickweed
test\00c47e980.png,Sugar beet
test\00d090cde.png,Scentless Mayweed
test\00ef713a8.png,Common Chickweed
test\01291174f.png,Fat Hen
test\026716f9b.png,Loose Silky-bent
test\02cfeb38d.png,Loose Silky-bent
test\03566743d.png,Common Chickweed
test\03a2ee656.png,Small-flowered Cranesbill
test\03e322a29.png,Small-flowered Cranesbill
test\03ef36742.png,Scentless Mayweed
test\043449b0b.png,Sugar beet
test\0437393b1.png,Fat Hen
test\04814f36d.png,Scentless Mayweed
test\05341a8a6.png,Scentless Mayweed
test\060450d79.png,Common Chickweed
test\060f1dc84.png,Charlock
test\0625f063b.png,Common Chickweed
test\063363305.png,Small-flowered Cranesbill
test\06d12f6fa.png,Shepherds Purse
test\071cb3ece.png,Sugar beet
test\0751c0bbc.png,Sugar beet
test\07e62f903.png,Maize
test\085974290.png,Common Chickweed
test\0885e7690.png,Shepherds Purse
test\089ad62a7.png,Common Chickweed
test\08d591441.png,Sugar beet
test\0911d3dee.png,Common Chickweed
test\099b961ec.png,Shepherds Purse
test\0a64e3e6c.png,Loose Silky-bent
test\0ad9e7dfb.png,Maize
test\0ae6668fa.png,Loose Silky-bent
test\0bf7bfb05.png,Black-grass
test\0c27cf05f.png,Maize
test\0c4199daa.png,Black-grass
test\0c45ace27.png,Common Chickweed
test\0c51bf229.png,Maize
test\0c5f6c493.png,Loose Silky-bent
test\0caeda5df.png,Common wheat
test\0d117d910.png,Common Chickweed
test\0d31e6602.png,Small-flowered Cranesbill
test\0dba99002.png,Sugar beet
test\0e8492cb1.png,Maize
test\0ebf8f2f4.png,Maize
test\0ee4ad224.png,Shepherds Purse
test\0f6cbe5e8.png,Maize
test\0fb233ad6.png,Small-flowered Cranesbill
test\115f93ecc.png,Loose Silky-bent
test\116b136de.png,Sugar beet
test\1191ba346.png,Cleavers
test\11d3f68ff.png,Loose Silky-bent
test\122913909.png,Maize
test\12625488b.png,Fat Hen
test\126a71ce0.png,Charlock
test\1312065a5.png,Small-flowered Cranesbill
test\1364b297a.png,Cleavers
test\1376f3b63.png,Black-grass
test\13b9fa92d.png,Sugar beet
test\1459e96a0.png,Cleavers
test\148bbda66.png,Charlock
test\14bb43eee.png,Common wheat
test\1541bdb2e.png,Maize
test\1623fb9e1.png,Sugar beet
test\16357b436.png,Loose Silky-bent
test\16467a950.png,Black-grass
test\165681fd9.png,Small-flowered Cranesbill
test\1694a70e4.png,Scentless Mayweed
test\16fd2e01a.png,Small-flowered Cranesbill
test\172f9b10b.png,Common Chickweed
test\17529c555.png,Scentless Mayweed
test\1758a1baf.png,Common Chickweed
test\177d7e2a4.png,Common Chickweed
test\17a78fb44.png,Common wheat
test\17d5e5ac4.png,Loose Silky-bent
test\1821eb11a.png,Shepherds Purse
test\187668bde.png,Scentless Mayweed
test\1926e82fd.png,Loose Silky-bent
test\19618ad6a.png,Sugar beet
test\19b51843a.png,Common Chickweed
test\19e58cc5e.png,Common Chickweed
test\19fdf19fb.png,Common wheat
test\1b490196c.png,Shepherds Purse
test\1b6a6494d.png,Sugar beet
test\1be0713da.png,Cleavers
test\1bf9b94a6.png,Scentless Mayweed
test\1c52ea820.png,Fat Hen
test\1c680883c.png,Loose Silky-bent
test\1cfd91582.png,Charlock
test\1d0cbd819.png,Loose Silky-bent
test\1d321253f.png,Fat Hen
test\1d48b7564.png,Loose Silky-bent
test\1d56351b2.png,Common Chickweed
test\1dc7c45df.png,Loose Silky-bent
test\1e095a7e1.png,Small-flowered Cranesbill
test\1f290e016.png,Shepherds Purse
test\1f3f44563.png,Maize
test\1f5e5554e.png,Charlock
test\1fefb54b7.png,Fat Hen
test\205df1df3.png,Common Chickweed
test\20817c846.png,Scentless Mayweed
test\20e562fd5.png,Sugar beet
test\20ea96bcc.png,Fat Hen
test\20f983a71.png,Fat Hen
test\2126dc71b.png,Common Chickweed
test\219fd68d5.png,Scentless Mayweed
test\223e4af09.png,Cleavers
test\22e79540f.png,Cleavers
test\22fbf13d6.png,Loose Silky-bent
test\239bdf640.png,Charlock
test\23bc8ec4f.png,Common Chickweed
test\23e480e64.png,Shepherds Purse
test\2406d6c99.png,Shepherds Purse
test\241e6935a.png,Sugar beet
test\248436078.png,Cleavers
test\24a058589.png,Charlock
test\24c94a6ca.png,Sugar beet
test\24d36c52c.png,Common Chickweed
test\24d78df74.png,Common Chickweed
test\24dbc3b21.png,Sugar beet
test\258b1183c.png,Cleavers
test\25a4c427e.png,Loose Silky-bent
test\25cf6eb73.png,Maize
test\25fa8d109.png,Common wheat
test\26852751a.png,Charlock
test\2693e5c65.png,Maize
test\26e7ae885.png,Fat Hen
test\270b939cf.png,Common Chickweed
test\279df95f2.png,Sugar beet
test\288564c76.png,Sugar beet
test\29bab7cad.png,Common Chickweed
test\29ce426a1.png,Common Chickweed
test\29f49cd0b.png,Common wheat
test\2a5064f19.png,Common wheat
test\2a667e099.png,Fat Hen
test\2b55a2da2.png,Charlock
test\2bd74d2da.png,Loose Silky-bent
test\2d5058a59.png,Common Chickweed
test\2d992d1fb.png,Loose Silky-bent
test\2d9c798f9.png,Small-flowered Cranesbill
test\2dd5cfba9.png,Shepherds Purse
test\2df78338c.png,Common Chickweed
test\2e86f1085.png,Fat Hen
test\2ea664465.png,Sugar beet
test\2f0004a7f.png,Common wheat
test\2f246d688.png,Small-flowered Cranesbill
test\2ff5cb348.png,Sugar beet
test\30ad31220.png,Charlock
test\3185294c8.png,Scentless Mayweed
test\31f3dd81f.png,Loose Silky-bent
test\31fcdc161.png,Maize
test\3281183f9.png,Sugar beet
test\32a8c8a1d.png,Loose Silky-bent
test\32b42c120.png,Small-flowered Cranesbill
test\32c86784b.png,Common Chickweed
test\33317fc2a.png,Fat Hen
test\33448fe39.png,Black-grass
test\33748968f.png,Cleavers
test\338c7e907.png,Charlock
test\34dd57ca9.png,Black-grass
test\3526b05cc.png,Scentless Mayweed
test\35a90f8d0.png,Scentless Mayweed
test\35cf9fa01.png,Shepherds Purse
test\35ebe165c.png,Loose Silky-bent
test\36839d5e9.png,Sugar beet
test\36d62bf36.png,Common wheat
test\36ed4f215.png,Common Chickweed
test\37297a64c.png,Common Chickweed
test\37714071b.png,Shepherds Purse
test\377283a21.png,Maize
test\37c3108d6.png,Shepherds Purse
test\37e545a60.png,Common Chickweed
test\3827436f3.png,Common Chickweed
test\38c054379.png,Small-flowered Cranesbill
test\391dcd7fd.png,Black-grass
test\39858776a.png,Cleavers
test\39b740f7e.png,Black-grass
test\39c8fde99.png,Loose Silky-bent
test\39d569be4.png,Loose Silky-bent
test\3a909ead8.png,Small-flowered Cranesbill
test\3abb502fb.png,Black-grass
test\3b73c3b61.png,Scentless Mayweed
test\3bbef3ecb.png,Sugar beet
test\3d38a87bc.png,Scentless Mayweed
test\3d65168c2.png,Common Chickweed
test\3d67c434b.png,Common Chickweed
test\3da774107.png,Fat Hen
test\3dd52bd2a.png,Small-flowered Cranesbill
test\3e9f41817.png,Loose Silky-bent
test\3ebbe9ca4.png,Charlock
test\3eda9cbb6.png,Scentless Mayweed
test\3edf5e9ef.png,Scentless Mayweed
test\3eebd36c6.png,Charlock
test\3efa1f66c.png,Black-grass
test\3f64c2c1b.png,Common wheat
test\3f826b318.png,Common Chickweed
test\3f92d8039.png,Black-grass
test\3fbd0fc6a.png,Common Chickweed
test\3fbf1a417.png,Cleavers
test\4049a6ea6.png,Loose Silky-bent
test\406162ef9.png,Charlock
test\406ecb5c5.png,Charlock
test\410e6f702.png,Small-flowered Cranesbill
test\41e07778c.png,Cleavers
test\41f1c3cdb.png,Black-grass
test\4287d810c.png,Common Chickweed
test\429211ee6.png,Fat Hen
test\42e7ed442.png,Shepherds Purse
test\4392d93cf.png,Fat Hen
test\43ede9de9.png,Charlock
test\444473900.png,Fat Hen
test\446f7da01.png,Loose Silky-bent
test\44e8b8833.png,Small-flowered Cranesbill
test\456d507c0.png,Cleavers
test\466bb6d3b.png,Maize
test\46c14fde2.png,Loose Silky-bent
test\47b7d8e17.png,Small-flowered Cranesbill
test\47f9e5d91.png,Common Chickweed
test\48231e475.png,Scentless Mayweed
test\4823c3ffa.png,Loose Silky-bent
test\486e59179.png,Common Chickweed
test\48d97c645.png,Small-flowered Cranesbill
test\48ef6a2ff.png,Common wheat
test\490c4f9c8.png,Common wheat
test\4a337a4a9.png,Common Chickweed
test\4ac29bbf0.png,Common Chickweed
test\4b032563b.png,Common Chickweed
test\4b155fb07.png,Maize
test\4bbf1f6ea.png,Shepherds Purse
test\4bbfd1e05.png,Cleavers
test\4bcdaa5e2.png,Shepherds Purse
test\4c5ab9b68.png,Cleavers
test\4c7838de4.png,Small-flowered Cranesbill
test\4c8005bbc.png,Loose Silky-bent
test\4e1190d78.png,Loose Silky-bent
test\4e18ab737.png,Cleavers
test\4e69d100a.png,Small-flowered Cranesbill
test\4e9d3765f.png,Charlock
test\4ea7493d5.png,Sugar beet
test\4f44ca525.png,Common Chickweed
test\4f83143e1.png,Maize
test\502dff972.png,Small-flowered Cranesbill
test\506347cfe.png,Scentless Mayweed
test\50de8a115.png,Shepherds Purse
test\521b27a17.png,Loose Silky-bent
test\523e5505c.png,Scentless Mayweed
test\5296835a0.png,Small-flowered Cranesbill
test\52a87abe5.png,Fat Hen
test\52dc7a4d6.png,Common Chickweed
test\5315c2dca.png,Loose Silky-bent
test\534e74d83.png,Maize
test\539961189.png,Common Chickweed
test\53ceb4657.png,Common Chickweed
test\53e6e9000.png,Common wheat
test\54b3afd58.png,Cleavers
test\54c8bb900.png,Charlock
test\550a8b7e6.png,Small-flowered Cranesbill
test\55251925f.png,Common Chickweed
test\558aa7deb.png,Black-grass
test\55920f07f.png,Maize
test\55a852f40.png,Common Chickweed
test\55fed435f.png,Maize
test\56112b92c.png,Small-flowered Cranesbill
test\56a01b835.png,Cleavers
test\5779fe8b4.png,Fat Hen
test\5817b766d.png,Shepherds Purse
test\5883b423d.png,Scentless Mayweed
test\589e643b8.png,Shepherds Purse
test\590f5aea6.png,Charlock
test\592473c83.png,Black-grass
test\592cc5b89.png,Loose Silky-bent
test\59358cd44.png,Small-flowered Cranesbill
test\593896f83.png,Common Chickweed
test\599691cd9.png,Small-flowered Cranesbill
test\599c82eea.png,Scentless Mayweed
test\59b2c6f2b.png,Common Chickweed
test\59c6a9f95.png,Common Chickweed
test\59e1cea8d.png,Cleavers
test\59f62ad1d.png,Black-grass
test\5a38ac566.png,Loose Silky-bent
test\5a6bf96f6.png,Maize
test\5af1d74ee.png,Sugar beet
test\5b3000b9a.png,Maize
test\5b3beec58.png,Loose Silky-bent
test\5b63dcc21.png,Common Chickweed
test\5bbc0a255.png,Common Chickweed
test\5bc6595f6.png,Maize
test\5bd71f445.png,Common Chickweed
test\5bdcfa329.png,Loose Silky-bent
test\5c3cd7ea2.png,Scentless Mayweed
test\5ca0205f9.png,Charlock
test\5ca2687a4.png,Maize
test\5dcad9a53.png,Small-flowered Cranesbill
test\5e6a237f2.png,Sugar beet
test\5eb9c26a6.png,Loose Silky-bent
test\5ee9d0a5b.png,Loose Silky-bent
test\5f04aed97.png,Small-flowered Cranesbill
test\6049234e6.png,Common wheat
test\604dd663f.png,Shepherds Purse
test\606647f64.png,Common Chickweed
test\60ee66ddd.png,Common wheat
test\60f0bc617.png,Small-flowered Cranesbill
test\60fea2ef6.png,Sugar beet
test\615d2b0a9.png,Sugar beet
test\618de3d7a.png,Charlock
test\61b044411.png,Common Chickweed
test\61dd2cdc5.png,Common wheat
test\632156793.png,Cleavers
test\63c07d340.png,Sugar beet
test\647689543.png,Loose Silky-bent
test\64fe8beb9.png,Scentless Mayweed
test\653193c1a.png,Common wheat
test\65489944f.png,Shepherds Purse
test\659412b1a.png,Loose Silky-bent
test\65d08b894.png,Sugar beet
test\65e262a6d.png,Charlock
test\65e97117e.png,Loose Silky-bent
test\664194d19.png,Small-flowered Cranesbill
test\6680836dd.png,Sugar beet
test\668c1007c.png,Charlock
test\66ab0e8d0.png,Charlock
test\675ec1b0b.png,Small-flowered Cranesbill
test\67ce3eaa6.png,Small-flowered Cranesbill
test\67e185673.png,Small-flowered Cranesbill
test\686dc7ec8.png,Loose Silky-bent
test\6908fb540.png,Sugar beet
test\6982a9d30.png,Small-flowered Cranesbill
test\699d3c707.png,Sugar beet
test\69d1669f8.png,Charlock
test\6a41bf95b.png,Scentless Mayweed
test\6a47821f9.png,Loose Silky-bent
test\6b721f68e.png,Loose Silky-bent
test\6b9d6f8c9.png,Sugar beet
test\6ba4ef411.png,Cleavers
test\6bce55e05.png,Cleavers
test\6be169e41.png,Shepherds Purse
test\6c874918c.png,Loose Silky-bent
test\6d6eb3830.png,Shepherds Purse
test\6da892be6.png,Small-flowered Cranesbill
test\6db684fff.png,Common Chickweed
test\6dd095129.png,Common Chickweed
test\6df8e31ea.png,Cleavers
test\6edb96d45.png,Sugar beet
test\6edc76e7c.png,Sugar beet
test\711b46fba.png,Common Chickweed
test\71334c634.png,Maize
test\71b232519.png,Loose Silky-bent
test\71e73a8a0.png,Sugar beet
test\71f5323c5.png,Loose Silky-bent
test\721b2c47a.png,Fat Hen
test\721be0a4a.png,Loose Silky-bent
test\728eabae1.png,Charlock
test\73260a4ee.png,Fat Hen
test\74068643d.png,Loose Silky-bent
test\74d810f87.png,Loose Silky-bent
test\74fd477eb.png,Common Chickweed
test\7506c0c02.png,Scentless Mayweed
test\752101fdf.png,Small-flowered Cranesbill
test\754b1adf8.png,Small-flowered Cranesbill
test\756dd5070.png,Common Chickweed
test\75cb95e91.png,Charlock
test\7615e52d3.png,Cleavers
test\76555b064.png,Loose Silky-bent
test\7691014a1.png,Charlock
test\7696badea.png,Loose Silky-bent
test\76dbd1054.png,Scentless Mayweed
test\770a265f5.png,Small-flowered Cranesbill
test\77ccb8b2a.png,Small-flowered Cranesbill
test\780bd2a2c.png,Sugar beet
test\780defa2e.png,Common Chickweed
test\785a73ab8.png,Common Chickweed
test\78750e0ff.png,Charlock
test\78b1bf91a.png,Sugar beet
test\78c5fba1d.png,Sugar beet
test\79d93bc96.png,Loose Silky-bent
test\79dafec17.png,Loose Silky-bent
test\79e5ea8fa.png,Common wheat
test\79fba50db.png,Common Chickweed
test\7a38416be.png,Charlock
test\7b21ba6ba.png,Sugar beet
test\7b52585da.png,Black-grass
test\7beb2766f.png,Common Chickweed
test\7c85b0265.png,Loose Silky-bent
test\7cabd68cc.png,Loose Silky-bent
test\7d22abf91.png,Scentless Mayweed
test\7d3045fc3.png,Sugar beet
test\7d4cd07ad.png,Common Chickweed
test\7e9cf1c46.png,Common Chickweed
test\7f31c7f42.png,Black-grass
test\7f46a71db.png,Sugar beet
test\7f9e9565d.png,Scentless Mayweed
test\7fdb7202d.png,Scentless Mayweed
test\800a8c17e.png,Fat Hen
test\808578ed5.png,Charlock
test\808cf55c6.png,Shepherds Purse
test\809eb0b82.png,Sugar beet
test\80e299ae9.png,Shepherds Purse
test\8104422bb.png,Common Chickweed
test\8170d33c1.png,Maize
test\824f5d4e5.png,Sugar beet
test\827279bad.png,Scentless Mayweed
test\82b5f4d33.png,Shepherds Purse
test\8301b0547.png,Charlock
test\8303b27ed.png,Loose Silky-bent
test\8311740de.png,Sugar beet
test\835dc5447.png,Small-flowered Cranesbill
test\837ac0270.png,Scentless Mayweed
test\8455169fe.png,Common wheat
test\851c90831.png,Loose Silky-bent
test\85431c075.png,Loose Silky-bent
test\855955aaf.png,Small-flowered Cranesbill
test\856f2910a.png,Small-flowered Cranesbill
test\8585f9718.png,Loose Silky-bent
test\862b8e7a0.png,Sugar beet
test\86676d627.png,Black-grass
test\866be78b0.png,Common Chickweed
test\86c309150.png,Sugar beet
test\86f08e6d1.png,Loose Silky-bent
test\87608f7aa.png,Charlock
test\87f627bf9.png,Common Chickweed
test\8874bba69.png,Black-grass
test\88ac6df54.png,Black-grass
test\88d8a4508.png,Fat Hen
test\8916793ce.png,Small-flowered Cranesbill
test\892e9d6c6.png,Scentless Mayweed
test\897e5a8de.png,Common wheat
test\8a30b2de3.png,Sugar beet
test\8a32d0bfa.png,Small-flowered Cranesbill
test\8a4d3a1b1.png,Loose Silky-bent
test\8a8d6c712.png,Cleavers
test\8ab8a958b.png,Fat Hen
test\8b043093d.png,Small-flowered Cranesbill
test\8b27bfd2b.png,Small-flowered Cranesbill
test\8b9144917.png,Small-flowered Cranesbill
test\8bc0261c9.png,Loose Silky-bent
test\8c98a6e9b.png,Loose Silky-bent
test\8c9953903.png,Sugar beet
test\8ca6140ca.png,Loose Silky-bent
test\8cf2e3e6c.png,Common Chickweed
test\8cf909eb3.png,Charlock
test\8cfd98117.png,Scentless Mayweed
test\8d6991365.png,Common wheat
test\8d6acbe9b.png,Common Chickweed
test\8db450ce3.png,Common Chickweed
test\8dbb8e1b9.png,Fat Hen
test\8e29abce1.png,Common Chickweed
test\8e2e5604e.png,Sugar beet
test\8e3ed0a25.png,Small-flowered Cranesbill
test\8e4eaeec0.png,Common Chickweed
test\8e6ec1ca6.png,Small-flowered Cranesbill
test\8ece6efec.png,Scentless Mayweed
test\8f523520c.png,Shepherds Purse
test\8faadb6a8.png,Sugar beet
test\90b595f12.png,Common Chickweed
test\90d119d25.png,Scentless Mayweed
test\91e469b4a.png,Charlock
test\92292055d.png,Common Chickweed
test\93079d970.png,Sugar beet
test\9326bda1b.png,Common Chickweed
test\93d76fd5d.png,Small-flowered Cranesbill
test\948cdb277.png,Cleavers
test\9516e56c4.png,Black-grass
test\953496deb.png,Fat Hen
test\958bb9e96.png,Charlock
test\963544aa0.png,Loose Silky-bent
test\9643fc5f4.png,Charlock
test\966ae5ad9.png,Black-grass
test\969a851be.png,Shepherds Purse
test\96ecad7a1.png,Small-flowered Cranesbill
test\96f14d90c.png,Sugar beet
test\974959ec1.png,Common wheat
test\976e4e079.png,Common Chickweed
test\97844bfd5.png,Shepherds Purse
test\97b2f0a10.png,Small-flowered Cranesbill
test\98062cd87.png,Common Chickweed
test\98d819587.png,Shepherds Purse
test\98da6ef4e.png,Scentless Mayweed
test\99036c51d.png,Loose Silky-bent
test\99569b224.png,Common wheat
test\995c7ab1e.png,Black-grass
test\9a3f20121.png,Loose Silky-bent
test\9aa5587fe.png,Loose Silky-bent
test\9b4800b42.png,Charlock
test\9b9911f20.png,Common Chickweed
test\9baf94467.png,Sugar beet
test\9c0c5b731.png,Black-grass
test\9c32a797e.png,Common wheat
test\9c777333d.png,Common Chickweed
test\9c8b08a24.png,Loose Silky-bent
test\9cce7328c.png,Loose Silky-bent
test\9d3cb4745.png,Common wheat
test\9d79a1f0c.png,Small-flowered Cranesbill
test\9df3275da.png,Small-flowered Cranesbill
test\9fab816f2.png,Fat Hen
test\a006a475c.png,Common Chickweed
test\a060c1cf8.png,Maize
test\a0b393945.png,Small-flowered Cranesbill
test\a0f37c726.png,Small-flowered Cranesbill
test\a169b71e7.png,Charlock
test\a19c3faca.png,Charlock
test\a1da8be3c.png,Maize
test\a1e0a6c02.png,Cleavers
test\a254d71f6.png,Loose Silky-bent
test\a276c65f7.png,Loose Silky-bent
test\a2b703e21.png,Small-flowered Cranesbill
test\a2c89c367.png,Charlock
test\a2d25b4f3.png,Small-flowered Cranesbill
test\a35fd6fbb.png,Common Chickweed
test\a38b8a581.png,Small-flowered Cranesbill
test\a3b375b34.png,Loose Silky-bent
test\a3d0031fd.png,Black-grass
test\a4b61a4ea.png,Loose Silky-bent
test\a544fc46d.png,Scentless Mayweed
test\a55d26a4c.png,Common Chickweed
test\a5db42f7d.png,Maize
test\a74bf916d.png,Shepherds Purse
test\a74d475c2.png,Common Chickweed
test\a7bd7cadb.png,Fat Hen
test\a800caead.png,Sugar beet
test\a83820a2c.png,Sugar beet
test\a8388a37f.png,Black-grass
test\a85b48a95.png,Scentless Mayweed
test\a85fc8c9a.png,Small-flowered Cranesbill
test\a890ac088.png,Charlock
test\a8b431a3e.png,Sugar beet
test\a8c8a1db0.png,Shepherds Purse
test\a8da9c08d.png,Scentless Mayweed
test\a8de7c1b7.png,Loose Silky-bent
test\a935ca110.png,Loose Silky-bent
test\a93f940d6.png,Scentless Mayweed
test\a9d2eab61.png,Black-grass
test\aa7d098d1.png,Common Chickweed
test\aad8375e0.png,Charlock
test\aaf4da98f.png,Sugar beet
test\ab0f67743.png,Black-grass
test\ab35453cb.png,Cleavers
test\abc331628.png,Common wheat
test\abf8b0772.png,Scentless Mayweed
test\ac3193f78.png,Common Chickweed
test\ac75d3326.png,Loose Silky-bent
test\acdb75e00.png,Loose Silky-bent
test\ace8761dd.png,Common Chickweed
test\ad12382d4.png,Loose Silky-bent
test\adb7a032c.png,Loose Silky-bent
test\ae90f2827.png,Common Chickweed
test\aecfaed64.png,Common Chickweed
test\aee6fa3df.png,Black-grass
test\af45e222a.png,Scentless Mayweed
test\afa446484.png,Small-flowered Cranesbill
test\afcf6abd5.png,Small-flowered Cranesbill
test\b026bf8ca.png,Loose Silky-bent
test\b03397525.png,Loose Silky-bent
test\b0acaff4a.png,Black-grass
test\b130a0632.png,Cleavers
test\b145ba9d4.png,Scentless Mayweed
test\b1cd2a91e.png,Cleavers
test\b215531dd.png,Cleavers
test\b2706e2b3.png,Common wheat
test\b29339405.png,Loose Silky-bent
test\b30ab4659.png,Charlock
test\b31292706.png,Common Chickweed
test\b341d0aab.png,Common Chickweed
test\b39c71707.png,Maize
test\b3d6fdb80.png,Shepherds Purse
test\b3e08b037.png,Fat Hen
test\b47691c08.png,Shepherds Purse
test\b4c3df835.png,Common Chickweed
test\b4f7c9214.png,Loose Silky-bent
test\b573b7a56.png,Loose Silky-bent
test\b5c7fd009.png,Black-grass
test\b62dca166.png,Fat Hen
test\b687160f5.png,Small-flowered Cranesbill
test\b6a3f7876.png,Loose Silky-bent
test\b6f3d8b5d.png,Scentless Mayweed
test\b7192c70f.png,Common wheat
test\b7a7f6390.png,Fat Hen
test\b7ad92859.png,Shepherds Purse
test\b828443ff.png,Maize
test\b9062c1c8.png,Sugar beet
test\b944a49ca.png,Loose Silky-bent
test\b98327bf4.png,Shepherds Purse
test\ba3ce6b3e.png,Scentless Mayweed
test\bb1c84bbc.png,Loose Silky-bent
test\bb1d1bfd3.png,Cleavers
test\bb20fce02.png,Scentless Mayweed
test\bb64660b7.png,Sugar beet
test\bb7621cb3.png,Fat Hen
test\bd72d4d8a.png,Sugar beet
test\bd789d151.png,Common Chickweed
test\bdde957ec.png,Scentless Mayweed
test\be2499cf4.png,Black-grass
test\be341dbdc.png,Loose Silky-bent
test\bea23d9f8.png,Scentless Mayweed
test\bebcaab66.png,Scentless Mayweed
test\beebe5f4e.png,Scentless Mayweed
test\bf3924a57.png,Common Chickweed
test\bf66b9cd2.png,Maize
test\bfab3e3d0.png,Sugar beet
test\bffc08672.png,Sugar beet
test\c0461776c.png,Common Chickweed
test\c069fc3fa.png,Fat Hen
test\c06e7c748.png,Scentless Mayweed
test\c0bc3997b.png,Scentless Mayweed
test\c0d9e170b.png,Small-flowered Cranesbill
test\c0f5d9ac8.png,Small-flowered Cranesbill
test\c10ccbd82.png,Common Chickweed
test\c10db7ae2.png,Maize
test\c1ecff98b.png,Loose Silky-bent
test\c26ccf73c.png,Common Chickweed
test\c2de6020a.png,Small-flowered Cranesbill
test\c35efa095.png,Scentless Mayweed
test\c4ed8ed38.png,Charlock
test\c50335991.png,Fat Hen
test\c5078bac5.png,Loose Silky-bent
test\c5e419015.png,Shepherds Purse
test\c5e88cd42.png,Common Chickweed
test\c60e91e07.png,Loose Silky-bent
test\c63da993b.png,Sugar beet
test\c64370a72.png,Sugar beet
test\c6b76307d.png,Cleavers
test\c6c8d4ba0.png,Loose Silky-bent
test\c7051c902.png,Common Chickweed
test\c74c5b7fc.png,Small-flowered Cranesbill
test\c75a82234.png,Scentless Mayweed
test\c7ae30f3a.png,Scentless Mayweed
test\c7b07431e.png,Scentless Mayweed
test\c7eb96871.png,Common wheat
test\c832e4302.png,Black-grass
test\c85ef220d.png,Common Chickweed
test\c88ebfb47.png,Small-flowered Cranesbill
test\c8f50f0c3.png,Common wheat
test\caa2fbd79.png,Common Chickweed
test\cadab6616.png,Shepherds Purse
test\cae684f8f.png,Charlock
test\cb496f36e.png,Loose Silky-bent
test\cb76a7766.png,Fat Hen
test\cbba27d89.png,Maize
test\cbe761896.png,Charlock
test\cc3d2a59a.png,Sugar beet
test\cc74feadc.png,Black-grass
test\cd5f0db1c.png,Small-flowered Cranesbill
test\cd6adba97.png,Small-flowered Cranesbill
test\ce15eee52.png,Charlock
test\ce3d280eb.png,Common Chickweed
test\ce42adffb.png,Loose Silky-bent
test\cec5bf198.png,Scentless Mayweed
test\cf3a8b2fd.png,Loose Silky-bent
test\cf46d09c5.png,Common Chickweed
test\cf90fc52d.png,Maize
test\cfb18d262.png,Small-flowered Cranesbill
test\cfd8165e9.png,Charlock
test\d0152bd7c.png,Fat Hen
test\d01873fdd.png,Black-grass
test\d09275360.png,Sugar beet
test\d09d24c58.png,Loose Silky-bent
test\d0cdc768f.png,Common wheat
test\d102e1a15.png,Cleavers
test\d14aa43f3.png,Small-flowered Cranesbill
test\d17f48d3b.png,Scentless Mayweed
test\d2f0f326e.png,Scentless Mayweed
test\d2f422ccb.png,Common Chickweed
test\d2fd9df40.png,Black-grass
test\d3331e071.png,Fat Hen
test\d350a25fa.png,Common Chickweed
test\d41d87796.png,Scentless Mayweed
test\d488a4fe1.png,Common wheat
test\d515398fd.png,Loose Silky-bent
test\d563be369.png,Fat Hen
test\d5f7dd60a.png,Scentless Mayweed
test\d668409ff.png,Sugar beet
test\d689256be.png,Sugar beet
test\d6c8c3c48.png,Small-flowered Cranesbill
test\d6d31dcbe.png,Scentless Mayweed
test\d6d80a321.png,Sugar beet
test\d7017f701.png,Fat Hen
test\d84d37a61.png,Common Chickweed
test\d89db156f.png,Small-flowered Cranesbill
test\d8f4923f8.png,Common Chickweed
test\d93c7ab6d.png,Loose Silky-bent
test\d9c50616e.png,Sugar beet
test\da231c97f.png,Shepherds Purse
test\da4ed3a28.png,Charlock
test\da5255450.png,Common Chickweed
test\da713c465.png,Loose Silky-bent
test\da9ef7858.png,Charlock
test\dabe3e5be.png,Small-flowered Cranesbill
test\dabea05f4.png,Loose Silky-bent
test\dc4cd56a3.png,Loose Silky-bent
test\dc55449b2.png,Sugar beet
test\dcd7ff249.png,Scentless Mayweed
test\dce2f6612.png,Common Chickweed
test\dd5ec63d9.png,Sugar beet
test\dd9f36df7.png,Small-flowered Cranesbill
test\de0b79659.png,Fat Hen
test\df11d56a7.png,Sugar beet
test\df521c0c0.png,Loose Silky-bent
test\df7cb5f87.png,Common Chickweed
test\dfb1d9012.png,Loose Silky-bent
test\e0ec5b6a1.png,Sugar beet
test\e14afa235.png,Common wheat
test\e15472085.png,Common Chickweed
test\e15fce4f2.png,Scentless Mayweed
test\e1809cef2.png,Scentless Mayweed
test\e19673dc9.png,Charlock
test\e19ad6ac9.png,Charlock
test\e1a0e3202.png,Loose Silky-bent
test\e1abb4ff9.png,Sugar beet
test\e3f50adfc.png,Common wheat
test\e471f1d3a.png,Charlock
test\e478c452c.png,Sugar beet
test\e4a76885b.png,Maize
test\e4d5ec761.png,Loose Silky-bent
test\e5064f6be.png,Sugar beet
test\e52493d0b.png,Common wheat
test\e5297b675.png,Loose Silky-bent
test\e5368474f.png,Sugar beet
test\e5881dd33.png,Fat Hen
test\e5e3dccff.png,Common wheat
test\e6f1211a2.png,Sugar beet
test\e7077322d.png,Common Chickweed
test\e721c6ac8.png,Loose Silky-bent
test\e73e308be.png,Common wheat
test\e783f5a4f.png,Sugar beet
test\e80a259c5.png,Small-flowered Cranesbill
test\e82017baa.png,Loose Silky-bent
test\e84464f5a.png,Cleavers
test\e88bf0db9.png,Small-flowered Cranesbill
test\e901b0f28.png,Fat Hen
test\e921021a8.png,Fat Hen
test\e96e57a90.png,Shepherds Purse
test\e98e5d1d5.png,Loose Silky-bent
test\e9cd91682.png,Common Chickweed
test\e9d48d664.png,Shepherds Purse
test\eaf0815e2.png,Small-flowered Cranesbill
test\ec08a5d56.png,Shepherds Purse
test\ede6b84b4.png,Cleavers
test\edfdb4aeb.png,Common Chickweed
test\eec1079a1.png,Charlock
test\eef131644.png,Loose Silky-bent
test\ef02b4ee7.png,Sugar beet
test\ef3e232ad.png,Common Chickweed
test\ef65533d5.png,Black-grass
test\ef74dbcad.png,Scentless Mayweed
test\ef7a5651d.png,Scentless Mayweed
test\ef9676433.png,Charlock
test\efe19dc32.png,Charlock
test\f0ffa00bd.png,Sugar beet
test\f1e87cba7.png,Loose Silky-bent
test\f1f7c833f.png,Shepherds Purse
test\f23faf9c1.png,Loose Silky-bent
test\f25996db8.png,Small-flowered Cranesbill
test\f2dc546ca.png,Cleavers
test\f33e9d918.png,Scentless Mayweed
test\f351ce097.png,Loose Silky-bent
test\f3fcfff1b.png,Charlock
test\f4021df6c.png,Scentless Mayweed
test\f4234cf4f.png,Fat Hen
test\f445fe6fb.png,Charlock
test\f48916a8c.png,Scentless Mayweed
test\f4ad9d950.png,Sugar beet
test\f4caf74f9.png,Charlock
test\f4e7733d4.png,Small-flowered Cranesbill
test\f593c9cf0.png,Sugar beet
test\f66ae4070.png,Maize
test\f6d250856.png,Shepherds Purse
test\f8318faf1.png,Common Chickweed
test\f85ed9b6d.png,Shepherds Purse
test\f9b6bfb00.png,Cleavers
test\f9ea23fb5.png,Fat Hen
test\f9f35cbd4.png,Common Chickweed
test\fa5fd1384.png,Shepherds Purse
test\fa9f3a8f9.png,Cleavers
test\fadc6adbc.png,Charlock
test\fb022edf9.png,Fat Hen
test\fba8fc78a.png,Black-grass
test\fbf88b6be.png,Charlock
test\fc3e58836.png,Scentless Mayweed
test\fc6f686fb.png,Sugar beet
test\fd253a74e.png,Cleavers
test\fd87b36ae.png,Black-grass
test\fd925f542.png,Common Chickweed
test\fda0b5c38.png,Common wheat
test\fda39e16f.png,Loose Silky-bent
test\fdea6b119.png,Loose Silky-bent
test\fe29629fb.png,Loose Silky-bent
test\fe9e87b78.png,Common Chickweed
test\fea1d13d6.png,Common Chickweed
test\fea355851.png,Loose Silky-bent
test\fea3da57c.png,Sugar beet
test\fef2ade8c.png,Sugar beet
test\ff65bc002.png,Cleavers
test\ffc6f8527.png,Common wheat
